company_name,web_site
Yardi Systems,www.yardi.com
Housecall Pro,www.housecallpro.com
Lessen,www.lessen.com
Jobber,www.getjobber.com
Kin,www.kin.com
Aurigo,www.aurigo.com
Qualia,www.qualia.com
FreshBooks,www.freshbooks.com
Envoy,www.envoy.com
Branch (Multi-line Insurance),www.ourbranch.com
SnapDocs,www.snapdocs.com
Nakisa,www.nakisa.com
Immoviewer,www.immoviewer.com
MoxiWorks,www.moxiworks.com
Limble,www.limblecmms.com
DoorLoop,www.doorloop.com
Sure,www.sureapp.com
Facilio,www.facilio.com
Kisi,www.getkisi.com
Saltmine,www.saltmine.com
Esusu,www.esusurent.com
Workiz,www.workiz.com
VergeSense,www.vergesense.com
HqO,www.hqo.com
Northspyre,www.northspyre.com
PMWeb,www.pmweb.com
TenantCloud,www.tenantcloud.com
HOMEE,www.homee.com
Fexa,www.fexa.io
Lula Smarter Property Maintenance,www.lula.life
TurboTenant,www.turbotenant.com
zLink,www.zlinkcorp.com
Rentvine,www.rentvine.com
Latchel,www.latchel.com
AkitaBox,home.akitabox.com
Upflex,www.upflex.com
Hemlane,www.hemlane.com
Domuso,www.domuso.com
Innago,www.innago.com
RentRedi,www.rentredi.com
CHAMPS,www.champsinc.com
Rentberry,www.rentberry.com
Ashcomtech,ashcomtech.com
CyberMetrics,cybermetrics.com
Officetrax,www.officetrax.com
Qira,www.qira.com
Docuverus,www.docuverus.com
Keepe,www.keepe.com
Rentec Direct,www.rentecdirect.com
Titlecapture,titlecapture.com
Lease Harbor,www.leaseharbor.com
ManageCasa,www.managecasa.com
inspace,www.inspace.app
Proximity (Business/Productivity Software),www.proximity.space
STRATAFOLIO,stratafolio.com
Listing 2 Leasing,www.listing2leasing.com
CMiC,www.cmic.ca
Morgen (Electronic Equipment and Instruments),www.morgenbt.com
PayRent,www.payrent.com
RealtyAPX,www.realtyapx.com
CapitalSoft,www.capitalsoft.com
Landport Systems,landport.net
Paperless Pipeline,www.paperlesspipeline.com
Rent Manager,www.rentmanager.com
Rentler,www.rentler.com
